{"assets/images/Im.png":["assets/images/Im.png"],"assets/images/Imcombo.png":["assets/images/Imcombo.png"],"assets/images/Imcombos.png":["assets/images/Imcombos.png"],"assets/images/account.png":["assets/images/account.png"],"assets/images/accountSelected.png":["assets/images/accountSelected.png"],"assets/images/address.png":["assets/images/address.png"],"assets/images/beard.png":["assets/images/beard.png"],"assets/images/body.png":["assets/images/body.png"],"assets/images/bodycat.png":["assets/images/bodycat.png"],"assets/images/breadcat.png":["assets/images/breadcat.png"],"assets/images/breadnew.png":["assets/images/breadnew.png"],"assets/images/checkmark.json":["assets/images/checkmark.json"],"assets/images/coin.png":["assets/images/coin.png"],"assets/images/delivered.png":["assets/images/delivered.png"],"assets/images/drawer.png":["assets/images/drawer.png"],"assets/images/drawerbg.png":["assets/images/drawerbg.png"],"assets/images/face.png":["assets/images/face.png"],"assets/images/facecat.png":["assets/images/facecat.png"],"assets/images/google_logo.png":["assets/images/google_logo.png"],"assets/images/hair.png":["assets/images/hair.png"],"assets/images/haircat.png":["assets/images/haircat.png"],"assets/images/health.png":["assets/images/health.png"],"assets/images/helpcenter.png":["assets/images/helpcenter.png"],"assets/images/home.png":["assets/images/home.png"],"assets/images/homeSelected.png":["assets/images/homeSelected.png"],"assets/images/imcat.png":["assets/images/imcat.png"],"assets/images/leaf.png":["assets/images/leaf.png"],"assets/images/loding.json":["assets/images/loding.json"],"assets/images/loginbg.png":["assets/images/loginbg.png"],"assets/images/loginlogo.png":["assets/images/loginlogo.png"],"assets/images/logoloader.png":["assets/images/logoloader.png"],"assets/images/main.png":["assets/images/main.png"],"assets/images/mainlogo.png":["assets/images/mainlogo.png"],"assets/images/no1.json":["assets/images/no1.json"],"assets/images/notifi.png":["assets/images/notifi.png"],"assets/images/notification.png":["assets/images/notification.png"],"assets/images/notification1.png":["assets/images/notification1.png"],"assets/images/notification2.png":["assets/images/notification2.png"],"assets/images/oral.png":["assets/images/oral.png"],"assets/images/oralcat.png":["assets/images/oralcat.png"],"assets/images/order.png":["assets/images/order.png"],"assets/images/orderSelected.png":["assets/images/orderSelected.png"],"assets/images/pay.png":["assets/images/pay.png"],"assets/images/poster.png":["assets/images/poster.png"],"assets/images/profile.png":["assets/images/profile.png"],"assets/images/reture.png":["assets/images/reture.png"],"assets/images/reward.png":["assets/images/reward.png"],"assets/images/rewardSelected.png":["assets/images/rewardSelected.png"],"assets/images/sales.png":["assets/images/sales.png"],"assets/images/samplecong.json":["assets/images/samplecong.json"],"assets/images/search.png":["assets/images/search.png"],"assets/images/setting.png":["assets/images/setting.png"],"assets/images/signupbg.png":["assets/images/signupbg.png"],"assets/images/splashscreen.png":["assets/images/splashscreen.png"],"assets/images/thankcong.json":["assets/images/thankcong.json"],"assets/images/thankyou.json":["assets/images/thankyou.json"],"assets/images/timely.png":["assets/images/timely.png"],"assets/images/tx.png":["assets/images/tx.png"],"assets/images/wishlist.png":["assets/images/wishlist.png"],"packages/cupertino_icons/assets/CupertinoIcons.ttf":["packages/cupertino_icons/assets/CupertinoIcons.ttf"],"packages/fluttertoast/assets/toastify.css":["packages/fluttertoast/assets/toastify.css"],"packages/fluttertoast/assets/toastify.js":["packages/fluttertoast/assets/toastify.js"]}